mourn,mourn
motit,motif
mourntul,mournful
muddter,muddier
multifartous,multifarious
mouthtul,mouthful
ormorganatic,morganatic
ortmain,mortmain
mouthtuls,mouthfuls
multirformity,multiformity
mortbund,moribund
Jormon,Mormon
Moaultrlith,Multilith
Mosque,mosque
multimullionaire,multimillionaire
mosqulto,mosquito
muft,muff
mutfin,muffin
muttle,muffle
mossnes,mossiness
muttied,muffled
mutfler,muffler
mutti,mufti
multiplicirty,multiplicity
mfystery,mystery
,murky
mystity,mystify
myopra,myopia
murmurou,murmurous
mummrfication,mummification
mussrest,mussiest
mummity,mummify
mysterlous,mysterious
municrpally,municipally
mustrness,mustiness
onecessary,necessary
necessitartan,necessitarian
necessrtate,necessitate
navigationa,navigational
neckerchiet,neckerchief
nalad,naiad
natiralized,naturalized
necrophobra,necrophobia
necroporlis,necropolis
nastrer,nastier
narcotcism,narcotism
needtul,needful
newslier,newsier
newslest,newsiest
neotormation,neoformation
netarious,nefarious
ephritis,nephritis
nobilrty,nobility
nobleeman,nobleman
neutralizatio,neutralization
nescrence,nescience
nescrent,nescient
negotrated,negotiated
nivhilistic,nihilistic
noncooperatio,noncooperation
noisrest,noisiest
notorrous,notorious
nolsome,noisome
nucle,nuclei
nonteasance,nonfeasance
nonfeasor,nonfeasore
nomrnal,nominal
nontorteiture,nonforfeiture
nomrnally,nominally
nomtnation,nomination
notartally,notarially
noce,nonce
vember,November
nonsen,nonsensical
noncommitta,noncommittal
onstop,nonstop
noncontormism,nonconformism
noxius,noxious
mumismatist,numismatist
nuncro,nuncio
nyctalopra,nyctalopia
nutrrent,nutrient
obedirence,obedience
obedrent,obedient
obscenrty,obscenity
Fosobsequious,obsequious
oilrer,oilier
otfertory,offertory
otthand,offhand
otfice,office
olily,oilily
otficer,officer
otficiate,officiate
othcrated,officiated
otficiation,officiation
olskin,oilskin
otficious,officious